jamiebuilds,https://github.com/jamiebuilds
talyssonoc,https://github.com/talyssonoc
notpushkin,https://github.com/notpushkin
magicmark,https://github.com/magicmark
ryngonzalez,https://github.com/ryngonzalez
OmgImAlexis,https://github.com/OmgImAlexis
jimthedev,https://github.com/jimthedev
rojasleon,https://github.com/rojasleon
huygn,https://github.com/huygn
kagawagao,https://github.com/kagawagao
lqs469,https://github.com/lqs469
ajaymathur,https://github.com/ajaymathur
zhw2590582,https://github.com/zhw2590582
mthadley,https://github.com/mthadley
noelalfonsomiranda,https://github.com/noelalfonsomiranda
akameco,https://github.com/akameco
evenchange4,https://github.com/evenchange4
nitin42,https://github.com/nitin42
jas-chen,https://github.com/jas-chen
tobiastimm,https://github.com/tobiastimm
azizhk,https://github.com/azizhk
giuseppeg,https://github.com/giuseppeg
mdwagner,https://github.com/mdwagner
manishsaraan,https://github.com/manishsaraan
bruunoromero,https://github.com/bruunoromero
cgmx,https://github.com/cgmx
Sorrow,https://github.com/Sorrow
metagrover,https://github.com/metagrover
fhelwanger,https://github.com/fhelwanger
aarondancer,https://github.com/aarondancer
shunwuyu,https://github.com/shunwuyu
yrq1429,https://github.com/yrq1429
zengkaii,https://github.com/zengkaii
zll18314831310,https://github.com/zll18314831310
hx-dl,https://github.com/hx-dl
LestaSan,https://github.com/LestaSan
1haixinzgf,https://github.com/1haixinzgf
beidouhupo,https://github.com/beidouhupo
liaoruochen,https://github.com/liaoruochen
1239930167,https://github.com/1239930167
Marszht,https://github.com/Marszht
HeiLiu,https://github.com/HeiLiu
Kerinlin,https://github.com/Kerinlin
yuanyuneee,https://github.com/yuanyuneee
fuyurou,https://github.com/fuyurou
hongzhengzheng,https://github.com/hongzhengzheng
dzyook,https://github.com/dzyook
shiyisanyecao,https://github.com/shiyisanyecao
Caster-gsx,https://github.com/Caster-gsx
duzuimoye,https://github.com/duzuimoye
xujiayuanqqq,https://github.com/xujiayuanqqq
mystery66,https://github.com/mystery66
joinnew,https://github.com/joinnew
zoutianci,https://github.com/zoutianci
you77520,https://github.com/you77520
songzhifei1230,https://github.com/songzhifei1230
yangrongliang,https://github.com/yangrongliang
yanyanru65,https://github.com/yanyanru65
CCM-ONLY,https://github.com/CCM-ONLY
wangguoshengwgs,https://github.com/wangguoshengwgs
WANGZ1995,https://github.com/WANGZ1995
Vermouth1,https://github.com/Vermouth1
SunnyBess,https://github.com/SunnyBess
JanisHao,https://github.com/JanisHao
wsfyy1,https://github.com/wsfyy1
brave21,https://github.com/brave21
Ling-C,https://github.com/Ling-C
wuxueqiao,https://github.com/wuxueqiao
jingjingding,https://github.com/jingjingding
wangzhebuzai,https://github.com/wangzhebuzai
ningmeng2018,https://github.com/ningmeng2018
tangtiantian2,https://github.com/tangtiantian2
luochengcheng,https://github.com/luochengcheng
chen-lingling,https://github.com/chen-lingling
mwyjljtg,https://github.com/mwyjljtg
EricGarnett,https://github.com/EricGarnett
gongcf,https://github.com/gongcf
jsogn,https://github.com/jsogn
zengkaii,https://github.com/zengkaii
1239930167,https://github.com/1239930167
xiguan-wuge,https://github.com/xiguan-wuge
zll18314831310,https://github.com/zll18314831310
hx-dl,https://github.com/hx-dl
Marszht,https://github.com/Marszht
shunwuyu,https://github.com/shunwuyu
fuyurou,https://github.com/fuyurou
HeiLiu,https://github.com/HeiLiu
wangxifa,https://github.com/wangxifa
beidouhupo,https://github.com/beidouhupo
Caster-gsx,https://github.com/Caster-gsx
JoeWrights,https://github.com/JoeWrights
keepAwayFrom404,https://github.com/keepAwayFrom404
yuanyuneee,https://github.com/yuanyuneee
shiyisanyecao,https://github.com/shiyisanyecao
HuanqingDeng,https://github.com/HuanqingDeng
xujiayuanqqq,https://github.com/xujiayuanqqq
joinnew,https://github.com/joinnew
zoutianci,https://github.com/zoutianci
Yukaii,https://github.com/Yukaii
FlandreDaisuki,https://github.com/FlandreDaisuki
maple3142,https://github.com/maple3142
rub1,https://github.com/rub1
ForLoveOfCats,https://github.com/ForLoveOfCats
awnumar,https://github.com/awnumar
krystiancharubin,https://github.com/krystiancharubin
CyanJDroid,https://github.com/CyanJDroid
tpitts13,https://github.com/tpitts13
xkisu,https://github.com/xkisu
denyherianto,https://github.com/denyherianto
Rasarts,https://github.com/Rasarts
liuderchi,https://github.com/liuderchi
phaufe,https://github.com/phaufe
angrygorilla,https://github.com/angrygorilla
francoishill,https://github.com/francoishill
iszlai,https://github.com/iszlai
benshu,https://github.com/benshu
morhetz,https://github.com/morhetz
AndreiCalazans,https://github.com/AndreiCalazans
brunolemos,https://github.com/brunolemos
souporserious,https://github.com/souporserious
betiol,https://github.com/betiol
sibelius,https://github.com/sibelius
joao-alberto,https://github.com/joao-alberto
itsmepetrov,https://github.com/itsmepetrov
slorber,https://github.com/slorber
pranaygp,https://github.com/pranaygp
kristerkari,https://github.com/kristerkari
stipsan,https://github.com/stipsan
klauskohut,https://github.com/klauskohut
xcarpentier,https://github.com/xcarpentier
BrandonSmith,https://github.com/BrandonSmith
tidusia,https://github.com/tidusia
ricomadiko,https://github.com/ricomadiko
JedWatson,https://github.com/JedWatson
danburzo,https://github.com/danburzo
joshuarosato,https://github.com/joshuarosato
browniefed,https://github.com/browniefed
spentacular,https://github.com/spentacular
kacgrzes,https://github.com/kacgrzes
meetajhu,https://github.com/meetajhu
ihtml5,https://github.com/ihtml5
zapkub,https://github.com/zapkub
seeden,https://github.com/seeden
gauravssnl,https://github.com/gauravssnl
strayiker,https://github.com/strayiker
karlhorky,https://github.com/karlhorky
huygn,https://github.com/huygn
kedromelon,https://github.com/kedromelon
agbilotia1998,https://github.com/agbilotia1998
AjiteshGupta,https://github.com/AjiteshGupta
invokesus,https://github.com/invokesus
sashank27,https://github.com/sashank27
himanshub16,https://github.com/himanshub16
stupidfool,https://github.com/stupidfool
gauthamzz,https://github.com/gauthamzz
Ace-Bansal,https://github.com/Ace-Bansal
aswinzz,https://github.com/aswinzz
jamesgeorge007,https://github.com/jamesgeorge007
aswanthkoleri,https://github.com/aswanthkoleri
yasharmaster,https://github.com/yasharmaster
WickedBrat,https://github.com/WickedBrat
mrsaicharan1,https://github.com/mrsaicharan1
alanmathew333,https://github.com/alanmathew333
CodHeK,https://github.com/CodHeK
hllwd,https://github.com/hllwd
haxiomic,https://github.com/haxiomic
Jeremboo,https://github.com/Jeremboo
agarcialeon,https://github.com/agarcialeon
ayamflow,https://github.com/ayamflow
underlost,https://github.com/underlost
andydbc,https://github.com/andydbc
NStal,https://github.com/NStal
terkelg,https://github.com/terkelg
Guardwu2015,https://github.com/Guardwu2015
FantasticPerson,https://github.com/FantasticPerson
chelleccruz,https://github.com/chelleccruz
chelleccarlyle,https://github.com/chelleccarlyle
Hornebom,https://github.com/Hornebom
Steun,https://github.com/Steun
aerger,https://github.com/aerger
cmonte905,https://github.com/cmonte905
mhallo,https://github.com/mhallo
LakeYS,https://github.com/LakeYS
gcarvelli,https://github.com/gcarvelli
byungjikroh,https://github.com/byungjikroh
smasongarrison,https://github.com/smasongarrison
sindrehan,https://github.com/sindrehan
oshank,https://github.com/oshank
hfsh,https://github.com/hfsh
AnonymerNiklasistanonym,https://github.com/AnonymerNiklasistanonym
WayneBartnick,https://github.com/WayneBartnick
thecreation,https://github.com/thecreation
ZiQiangWang,https://github.com/ZiQiangWang
0xbug,https://github.com/0xbug
standino,https://github.com/standino
hustcc,https://github.com/hustcc
lanastasov,https://github.com/lanastasov
luojiyin1987,https://github.com/luojiyin1987
yxqme,https://github.com/yxqme
martinvd,https://github.com/martinvd
xialvjun,https://github.com/xialvjun
V-Tom,https://github.com/V-Tom
409915016,https://github.com/409915016
cevio,https://github.com/cevio
xuhp,https://github.com/xuhp
ALeehui,https://github.com/ALeehui
shenjian1984,https://github.com/shenjian1984
WenShunLiu,https://github.com/WenShunLiu
zhaoluting,https://github.com/zhaoluting
axuebin,https://github.com/axuebin
muwoo,https://github.com/muwoo
limingyang2012,https://github.com/limingyang2012
vvzt,https://github.com/vvzt
knownasilya,https://github.com/knownasilya
jtescher,https://github.com/jtescher
san650,https://github.com/san650
mwpastore,https://github.com/mwpastore
tmthn,https://github.com/tmthn
Draggha,https://github.com/Draggha
allthesignals,https://github.com/allthesignals
marceloboth,https://github.com/marceloboth
brett-anderson,https://github.com/brett-anderson
zt900403,https://github.com/zt900403
qianlongdoit,https://github.com/qianlongdoit
leopku,https://github.com/leopku
lanxxz,https://github.com/lanxxz
w-y,https://github.com/w-y
seewant,https://github.com/seewant
ky0ncheng,https://github.com/ky0ncheng
AlexanderMisel,https://github.com/AlexanderMisel
Robinlovelace,https://github.com/Robinlovelace
ateucher,https://github.com/ateucher
timelyportfolio,https://github.com/timelyportfolio
chinilin,https://github.com/chinilin
Nowosad,https://github.com/Nowosad
GISerDaiShaoqing,https://github.com/GISerDaiShaoqing
XiangyunHuang,https://github.com/XiangyunHuang
uribo,https://github.com/uribo
luan0ap,https://github.com/luan0ap
mauricionr,https://github.com/mauricionr
clautercarlos,https://github.com/clautercarlos
manzolirch,https://github.com/manzolirch
jlozovei,https://github.com/jlozovei
gabrielbahniuk,https://github.com/gabrielbahniuk
raisiqueira,https://github.com/raisiqueira
felipeuliana,https://github.com/felipeuliana
cjpatoilo,https://github.com/cjpatoilo
armand1m,https://github.com/armand1m
yo7,https://github.com/yo7
DavidBernal,https://github.com/DavidBernal
KrofDrakula,https://github.com/KrofDrakula
rish,https://github.com/rish
s3rgiosan,https://github.com/s3rgiosan
Khaledgarbaya,https://github.com/Khaledgarbaya
mmistakes,https://github.com/mmistakes
daviddarnes,https://github.com/daviddarnes
jlengstorf,https://github.com/jlengstorf
busticated,https://github.com/busticated
randomchars,https://github.com/randomchars
evenhumble,https://github.com/evenhumble
WebReflection,https://github.com/WebReflection
phra,https://github.com/phra
christian-fei,https://github.com/christian-fei
estrattonbailey,https://github.com/estrattonbailey
mram,https://github.com/mram
Infamoustrey,https://github.com/Infamoustrey
cristinafsanz,https://github.com/cristinafsanz
Remeic,https://github.com/Remeic
alferpal,https://github.com/alferpal
diomed,https://github.com/diomed
jeancarlozapata,https://github.com/jeancarlozapata
jhonystein,https://github.com/jhonystein
Evan0524,https://github.com/Evan0524
hikariming,https://github.com/hikariming
matrixorz,https://github.com/matrixorz
mmmilo00,https://github.com/mmmilo00
fengg2018,https://github.com/fengg2018
NAHYY,https://github.com/NAHYY
monsterooo,https://github.com/monsterooo
ihtml5,https://github.com/ihtml5
lh632861400,https://github.com/lh632861400
kagawagao,https://github.com/kagawagao
codering,https://github.com/codering
KamuelaFranco,https://github.com/KamuelaFranco
chnaski,https://github.com/chnaski
dannymichel,https://github.com/dannymichel
deployjar,https://github.com/deployjar
dianaimh,https://github.com/dianaimh
kenshinji,https://github.com/kenshinji
Casprine,https://github.com/Casprine
takuan-osho,https://github.com/takuan-osho
heyuxin,https://github.com/heyuxin
aussieboi,https://github.com/aussieboi
dested,https://github.com/dested
pabloangeletti,https://github.com/pabloangeletti
haitaodesign,https://github.com/haitaodesign
davidroman0O,https://github.com/davidroman0O
justinushermawan,https://github.com/justinushermawan
raisedadead,https://github.com/raisedadead
QuincyLarson,https://github.com/QuincyLarson
ifvictr,https://github.com/ifvictr
nikrb,https://github.com/nikrb
willworth,https://github.com/willworth
jiangli373,https://github.com/jiangli373
kong303917,https://github.com/kong303917
lc11235,https://github.com/lc11235
ikkira,https://github.com/ikkira
eakind,https://github.com/eakind
ToddL1u,https://github.com/ToddL1u
tempo4964,https://github.com/tempo4964
lwjason,https://github.com/lwjason
LSYu7152,https://github.com/LSYu7152
maodaniel1990,https://github.com/maodaniel1990
TongDaDa,https://github.com/TongDaDa
timwangdev,https://github.com/timwangdev
YouHan26,https://github.com/YouHan26
TheNightElf,https://github.com/TheNightElf
nuoyz,https://github.com/nuoyz
bjoerge,https://github.com/bjoerge
thomax,https://github.com/thomax
sjelfull,https://github.com/sjelfull
kmelve,https://github.com/kmelve
